review_id,title,intervention,simplified_intervention,manual_intervention,condition,simplified_condition,manual_condition,orig_simplified_intervention,orig_simplified_condition,excluded,same_intervention,same_condition,same_intervention_condition
CD002818,Amantadine for fatigue in multiple sclerosis,amantadine,medicine for fatigue,0,fatigue in multiple sclerosis,fatigue in MS,0,medicine for fatigue,fatigue in MS,0,0,0,0
CD008234,Intratympanic gentamicin for Ménière's disease or syndrome,intratympanic gentamicin,medicine in the ear,0,vertigo in Ménière's disease,dizziness from ear disease,1,medicine in the ear,dizziness from inner ear disease,0,0,0,0
CD008341,Golimumab for rheumatoid arthritis,golimumab,medicine for arthritis,0,rheumatoid arthritis,arthritis,0,medicine for arthritis,arthritis,0,0,0,0
CD003685,Rofecoxib for rheumatoid arthritis,rofecoxib,pain medicine,0,rheumatoid arthritis,joint pain,0,pain medicine,joint pain,0,0,0,0
CD007045,Selective internal radiation therapy for liver metastases from colorectal cancer,selective internal radiation therapy,treatment for the liver,1,liver metastases from colorectal cancer,cancer that has spread to the liver from the colon,0,radiation treatment for the liver,cancer that has spread to the liver from the colon,0,0,0,0
CD003651,Vaginal disinfection for preventing mother‐to‐child transmission of HIV infection,vaginal disinfection,vagina cleaning,1,preventing mother-to-child transmission of HIV,preventing HIV from passing to baby,0,vaginal cleaning,preventing HIV from passing to baby,0,0,0,0
CD006286,Intranasal corticosteroids for nasal airway obstruction in children with moderate to severe adenoidal hypertrophy,intranasal corticosteroids,nose spray medicine,0,nasal airway obstruction,blocked nose in kids,0,nose spray medicine,blocked nose in kids,0,0,0,0
CD003163,Topical nasal steroids for intermittent and persistent allergic rhinitis in children,topical nasal steroids,nose spray medicine,1,intermittent and persistent allergic rhinitis in children,child allergies,0,nasal spray medicine,child allergies,0,0,0,0
CD001968,Superoxide dismutase for preventing chronic lung disease in mechanically ventilated preterm infants,superoxide dismutase,medicine,1,chronic lung disease,lung problem that lasts for a long time,1,enzyme medicine,lung problem in premature babies,0,0,0,0
CD003059,Cromolyn sodium for the prevention of chronic lung disease in preterm infants,cromolyn sodium,medicine to prevent lung problems,0,chronic lung disease,lung problem that lasts for a long time,1,medicine to prevent lung problems,lung disease in premature babies,0,0,0,0
CD003343,Directly observed therapy for treating tuberculosis,directly observed therapy,someone watching you take your medicine,0,tuberculosis,TB,1,someone watching you take your medicine,tuberculosis,0,0,0,0
CD003486,Lung lavage for meconium aspiration syndrome in newborn infants,lung lavage,lung washing,0,meconium aspiration syndrome,baby breath problem with poop in lungs,1,lung washing,meconium in lungs of newborns,0,0,0,0
CD006827,Incision and drainage of perianal abscess with or without treatment of anal fistula,incision and drainage of perianal abscess with fistula treatment,drain pus,1,perianal abscess,butt boil,1,drain abscess and fix fistula,abscess around anus,0,0,0,0
CD004049,Inositol for depressive disorders,inositol,supplement,1,depressive disorders,depression,0,inositol,depression,0,0,0,0
CD007038,Factor Xa inhibitors for acute coronary syndromes,factor Xa inhibitor,blood thinner,0,acute coronary syndrome,heart attack problem,0,blood thinner,heart attack problem,0,0,0,0
CD007956,Amifostine for salivary glands in high‐dose radioactive iodine treated differentiated thyroid cancer,amifostine,medicine,1,xerostomia,dry mouth,0,medicine to protect salivary glands,dry mouth,0,0,0,0
CD006812,Adjuvant radiotherapy and/or chemotherapy after surgery for uterine carcinosarcoma,adjuvant radiotherapy and/or chemotherapy,treatment after surgery,0,uterine carcinosarcoma,womb cancer,0,treatment after surgery,womb cancer,0,0,0,0
CD009890,Surgical interventions for treating distal humeral fractures in adults,surgical intervention,surgery,0,distal humeral fractures,broken arm bone near elbow,0,surgery,broken arm bone near elbow,0,0,0,0
CD004926,Fluids and diuretics for acute ureteric colic,fluids and diuretics,fluids and medicine to help pass stones,0,acute ureteric colic,severe kidney stone pain,0,fluids and medicine to help pass stones,severe kidney stone pain,0,0,0,0
CD005395,Surgery for Ménière's disease,surgery,surgery,0,Ménière's disease,ear disease,1,surgery,inner ear disease,0,1,0,0
CD004218,Anticonvulsants for neonates with seizures,anticonvulsants,seizure medicine,0,seizures,seizures,1,seizure medicine,neonatal seizures,0,0,1,0
CD006289,Probiotics for the treatment of bacterial vaginosis,probiotics,good bacteria medicine,0,bacterial vaginosis,vaginal infection,1,good bacteria medicine,vaginal bacteria imbalance,0,0,0,0
CD005114,Dehydroepiandrosterone for systemic lupus erythematosus,dehydroepiandrosterone,Supplement to help brain work,1,systemic lupus erythematosus,lupus,0,DHEA medicine,lupus,0,0,0,0
CD006706,Interventions for the prevention and treatment of herpes simplex virus in patients being treated for cancer,interventions for prevention and treatment of herpes simplex virus,medicine,1,herpes simplex virus infection,herpes,1,aciclovir for herpes,herpes virus infection,0,0,0,0
CD003906,Plasma exchange for chronic inflammatory demyelinating polyradiculoneuropathy,plasma exchange,blood cleaning treatment,1,chronic inflammatory demyelinating polyradiculoneuropathy,weakness from nerve disease that lasts for a long time,1,plasma exchange,chronic inflammatory nerve disease,0,0,0,0
CD002195,Systemic therapy for treating locoregional recurrence in women with breast cancer,systemic therapy,medicine to treat cancer,0,locoregional recurrence,cancer coming back in the area it first grew,0,medicine to treat cancer,cancer coming back in the area it first grew,0,0,0,0
CD002933,Electromagnetic therapy for treating venous leg ulcers,electromagnetic therapy,treatment with energy waves,1,venous leg ulcers,leg ulcers from poor blood flow,0,electromagnetic treatment,leg ulcers from poor blood flow,0,0,0,0
CD006774,Unfractionated or low‐molecular weight heparin for induction of remission in ulcerative colitis,unfractionated heparin or low molecular weight heparin,blood thinner,0,ulcerative colitis,bowel problem,1,blood thinner,ulcerative colitis,0,0,0,0
CD004302,Ciliary neurotrophic factor (CNTF) for amyotrophic lateral sclerosis or motor neuron disease,ciliary neurotrophic factor,medicine to help nerves,0,amyotrophic lateral sclerosis,muscle weakness disease,0,medicine to help nerves,muscle weakness disease,0,0,0,0
CD008534,Surgical repair of spontaneous perineal tears that occur during childbirth versus no intervention,surgical repair,surgery,1,perineal tears during childbirth,tears during birth,0,suture the tear,tears during birth,0,0,0,0
CD002270,Diuretic therapy for newborn infants with posthemorrhagic ventricular dilatation,diuretic therapy,medicine that makes you pee more,1,posthemorrhagic ventricular dilatation,brain fluid buildup after bleeding in babies,0,diuretic medicine,brain fluid buildup after bleeding in babies,0,0,0,0
CD008844,Granulocyte colony stimulating factor therapy for acute myocardial infarction,granulocyte colony stimulating factor therapy,treatment,1,acute myocardial infarction,heart attack,0,medicine to boost stem cells,heart attack,0,0,0,0
CD002127,Mitoxantrone for multiple sclerosis,mitoxantrone,medicine for MS,0,multiple sclerosis,MS,1,medicine for MS,multiple sclerosis,0,0,0,0
CD004525,Etanercept for the treatment of rheumatoid arthritis,etanercept,medicine for arthritis,0,rheumatoid arthritis,arthritis,0,medicine for arthritis,arthritis,0,0,0,0
CD005308,Continuous positive airway pressure delivery interfaces for obstructive sleep apnoea,CPAP delivery interface,sleep breathing mask,1,obstructive sleep apnoea,sleep apnea,0,CPAP mask type,sleep apnea,0,0,0,0
CD007545,"Rifamycins (rifampicin, rifabutin and rifapentine) compared to isoniazid for preventing tuberculosis in HIV‐negative people at risk of active TB",rifamycins,medicine,1,active tuberculosis,TB,1,rifampicin medicine,active tuberculosis,0,0,0,0
CD005978,Zinc supplementation for the prevention of pneumonia in children aged 2 months to 59 months,zinc supplementation,supplements,1,pneumonia,lung infection,1,zinc pills,pneumonia,0,0,0,0
CD009183,Valproic acid and sodium valproate for neuropathic pain and fibromyalgia in adults,valproate,medicine,1,neuropathic pain,nerve pain,0,valproate medicine,nerve pain,0,0,0,0
CD008476,Folic acid for fragile X syndrome,folic acid,supplement,1,fragile X syndrome,fragile X syndrome,0,folic acid supplement,fragile X syndrome,1,0,1,0
CD005458,Antibiotics for mastitis in breastfeeding women,antibiotic,antibiotics,0,mastitis,breast infection,0,antibiotics,breast infection,0,0,0,0
CD007277,Abatacept for rheumatoid arthritis,abatacept,medicine for arthritis,0,rheumatoid arthritis,arthritis,0,medicine for arthritis,arthritis,0,0,0,0
CD002272,Nasal intermittent positive pressure ventilation (NIPPV) versus nasal continuous positive airway pressure (NCPAP) for apnea of prematurity,nasal intermittent positive pressure ventilation,nasal breathing machine,0,apnea of prematurity,breathing stops in premature babies,0,nasal breathing machine,breathing stops in premature babies,0,0,0,0
CD004023,Early versus deferred treatment for early stage multiple myeloma,early treatment,treatment now,0,early stage multiple myeloma,early stage blood cancer,0,treatment now,early stage blood cancer,0,0,0,0
CD006221,Dehydroepiandrosterone (DHEA) supplementation for cognitive function in healthy elderly people,DHEA supplementation,Supplement to help brain work,1,cognitive function,brain function,0,DHEA pills,brain function,0,0,0,0
CD003435,Surgical decompression for cerebral oedema in acute ischaemic stroke,surgical decompression,brain surgery to relieve pressure,0,cerebral oedema in acute ischaemic stroke,swelling in the brain after a sudden stroke,0,brain surgery to relieve pressure,swelling in the brain after a sudden stroke,0,0,0,0
CD004778,Laparoscopic repair for perforated peptic ulcer disease,laparoscopic repair,surgery with small cuts,1,perforated peptic ulcer,hole in stomach,1,laparoscopic surgery,perforated stomach ulcer,0,0,0,0
CD003223,Calcitonin for metastatic bone pain,calcitonin,medicine,1,metastatic bone pain,cancer bone pain,0,calcitonin medicine,cancer bone pain,0,0,0,0
CD007969,Light‐emitting diode phototherapy for unconjugated hyperbilirubinaemia in neonates,LED phototherapy,LED light treatment,0,unconjugated hyperbilirubinaemia,high baby yellow blood,0,LED light treatment,high baby yellow blood,0,0,0,0
CD008231,Intranasal ipratropium bromide for the common cold,intranasal ipratropium bromide,nose spray medicine,0,common cold,common cold,0,nose spray medicine,common cold,0,0,1,0
CD002862,Amniotomy alone for induction of labour,amniotomy alone,breaking water bag,1,induction of labour,starting labour,0,rupturing the water sac,starting labour,0,0,0,0
CD005229,Therapeutic exercise for people with amyotrophic lateral sclerosis or motor neuron disease,exercise,exercise,0,amyotrophic lateral sclerosis or motor neuron disease,muscle weakness disease,0,exercise,muscle weakness disease,0,1,0,0
CD006321,Human growth hormone and glutamine for patients with short bowel syndrome,human growth hormone and glutamine,medicine to help you grow and body supplement,1,short bowel syndrome,short bowel syndrome,0,growth hormone and glutamine,short bowel syndrome,0,0,1,0
CD007320,Joint lavage for osteoarthritis of the knee,joint lavage,joint washing,0,knee osteoarthritis,knee arthritis,0,joint washing,knee arthritis,0,0,0,0
CD003998,Steroids for idiopathic sudden sensorineural hearing loss,steroids,steroids,1,idiopathic sudden sensorineural hearing loss,sudden hearing loss,0,steroid medicine,sudden hearing loss,0,1,0,0
CD002806,Embryo freezing for preventing ovarian hyperstimulation syndrome,embryo freezing,freezing eggs,0,ovarian hyperstimulation syndrome,ovary swelling,0,freezing eggs,ovary swelling,0,0,0,0
CD005225,Creatine for amyotrophic lateral sclerosis/motor neuron disease,creatine,muscle supplement,1,amyotrophic lateral sclerosis,ALS,0,creatin,ALS,0,0,0,0
CD002062,Corticosteroids for chronic inflammatory demyelinating polyradiculoneuropathy,corticosteroids,steroids,1,chronic inflammatory demyelinating polyradiculoneuropathy,nerve disorder that causes weakness for a long time,1,steroid medicine,nerve disorder that causes weakness,0,0,0,0
CD006565,Cannabinoids for Tourette's Syndrome,cannabinoids,marijuana medicine,1,tourette's syndrome,Tourette,1,cannabis medicine,Tourette's syndrome,0,0,0,0
CD006817,Allopurinol for preventing mortality and morbidity in newborn infants with hypoxic‐ischaemic encephalopathy,allopurinol,medicine to prevent brain damage,0,hypoxic-ischaemic encephalopathy,newborn brain damage from lack of oxygen,0,medicine to prevent brain damage,newborn brain damage from lack of oxygen,0,0,0,0
CD001153,Mannitol for acute stroke,mannitol,medicine to reduce swelling in the brain,0,acute stroke,sudden brain attack,0,medicine to reduce swelling in the brain,sudden brain attack,0,0,0,0
CD003141,Physical therapies for reducing and controlling lymphoedema of the limbs,physical therapy,physical therapy,0,lymphoedema of the limbs,swelling in arms or legs,0,physical therapy,swelling in arms or legs,0,1,0,0
CD005564,Artemether‐lumefantrine (six‐dose regimen) for treating uncomplicated falciparum malaria,artemether-lumefantrine,medicine,1,uncomplicated falciparum malaria,malaria,0,artemether-lumefantrine medicine,malaria,0,0,0,0
CD007913,Primary prophylactic colony‐stimulating factors for the prevention of chemotherapy‐induced febrile neutropenia in breast cancer patients,colony-stimulating factors,medicine,1,chemotherapy-induced febrile neutropenia,fever after chemo,1,medicine to prevent low white blood cells during chemo,fever from low white blood cells during chemo,0,0,0,0
CD007459,Mobile phone messaging for facilitating self‐management of long‐term illnesses,mobile phone messaging,text messages from phone,0,long-term illnesses,diseases that last for a long time,1,text messages from phone,chronic diseases,0,0,0,0
CD006727,Continuation and maintenance treatments for depression in older people,continuation and maintenance treatments,treatment after depression,0,relapse and recurrence of depression in older people,depression coming back in older adults,0,treatment after depression,depression coming back in older adults,0,0,0,0
CD002985,Gold as an oral corticosteroid sparing agent in stable asthma,gold,gold medicine,0,chronic steroid dependent asthma,asthma needing steroids that lasts for a long time,1,gold medicine,severe asthma needing steroids,0,0,0,0
CD003525,Surgery for lateral elbow pain,surgery,surgery,0,lateral elbow pain,elbow pain,0,surgery,elbow pain,0,1,0,0
CD003485,Steroid therapy for meconium aspiration syndrome in newborn infants,steroid therapy,steroid medicine,0,meconium aspiration syndrome,baby breath problem with poop in lungs,1,steroid medicine,meconium aspiration in newborns,0,0,0,0
CD008811,Manual small incision cataract surgery (MSICS) with posterior chamber intraocular lens versus extracapsular cataract extraction (ECCE) with posterior chamber intraocular lens for age‐related cataract,cataract surgery,cataract surgery,0,age-related cataract,cloudy eye lens,0,cataract surgery,cloudy eye lens,0,1,0,0
CD002276,Drug treatment for facioscapulohumeral muscular dystrophy,drug treatment,drug treatment,0,facioscapulohumeral muscular dystrophy,muscle weakness disease,0,drug treatment,muscle weakness disease,0,1,0,0
CD008373,Pharmacological treatment for depression during opioid agonist treatment for opioid dependence,antidepressants,antidepressive medicine,0,depression,depression,0,antidepressive medicine,depression,0,0,1,0
CD005124,Antenatal psychosocial assessment for reducing perinatal mental health morbidity,antenatal psychosocial assessment,checking mental health during pregnancy,0,perinatal mental health morbidity,mental health problems around birth,0,checking mental health during pregnancy,mental health problems around birth,0,0,0,0
CD005324,Bisphosphonate therapy for children and adolescents with secondary osteoporosis,bisphosphonate therapy,bone medicine,0,secondary osteoporosis,weak bones from illness,0,bone medicine,weak bones from illness,0,0,0,0
CD003844,Lung protective ventilation strategy for the acute respiratory distress syndrome,lung-protective ventilation,lung-protective breathing,0,acute respiratory distress syndrome,severe lung problem,0,lung-protective breathing,severe lung problem,0,0,0,0
CD005521,Systemic corticosteroids for acute gout,systemic corticosteroids,steroid medicine,0,acute gout,sudden joint pain from gout,0,steroid medicine,sudden joint pain from gout,0,0,0,0
CD009689,Multidisciplinary rehabilitation following botulinum toxin and other focal intramuscular treatment for post‐stroke spasticity,multidisciplinary rehabilitation,rehab after injection,1,post-stroke spasticity,stiff muscles after stroke,0,rehabilitation after injection,stiff muscles after stroke,0,0,0,0
CD000270,Community mental health teams (CMHTs) for people with severe mental illnesses and disordered personality,community mental health teams,mental health team,0,serious mental illness,serious mental illness,0,mental health team,serious mental illness,0,0,1,0
CD003778,Glucocorticosteroids for primary biliary cirrhosis,glucocorticosteroids,steroid medicine,0,primary biliary cirrhosis,liver disease,0,steroid medicine,liver disease,0,0,0,0
CD004722,Transdermal nicotine for induction of remission in ulcerative colitis,transdermal nicotine,nicotine patch,0,ulcerative colitis,bowel problem,1,nicotine patch,ulcerative colitis,0,0,0,0
CD008511,Social skills groups for people aged 6 to 21 with autism spectrum disorders (ASD),social skills groups,social skills groups,0,autism spectrum disorders,autism,0,social skills groups,autism,0,1,0,0
CD004805,"Combined calcium, magnesium and potassium supplementation for the management of primary hypertension in adults","combined calcium, magnesium and potassium supplementation",mineral pills,0,primary hypertension,high blood pressure,0,mineral pills,high blood pressure,0,0,0,0
CD006060,Pioglitazone for type 2 diabetes mellitus,pioglitazone,medicine for diabetes,0,type 2 diabetes mellitus,type 2 diabetes,0,medicine for diabetes,type 2 diabetes,0,0,0,0
CD005383,Antithrombin for respiratory distress syndrome in preterm infants,antithrombin concentrate,medicine,1,respiratory distress syndrome,breathing trouble in premature babies,0,antithrombin medicine,breathing trouble in premature babies,0,0,0,0
CD000563,Post‐operative radiotherapy for ductal carcinoma in situ of the breast,radiotherapy,treatment,1,ductal carcinoma in situ,breast cancer that hasn't spread,0,radiation therapy,breast cancer that hasn't spread,0,0,0,0
CD005332,Pharmacotherapy and psychotherapy for body dysmorphic disorder,pharmacotherapy and psychotherapy,medication and therapy,0,body dysmorphic disorder,disorder where people worry too much about their appearance,0,medication and therapy,disorder where people worry too much about their appearance,0,0,0,0
CD003387,Transcranial magnetic stimulation for the treatment of obsessive‐compulsive disorder,transcranial magnetic stimulation,magnetic brain treatment,0,obsessive-compulsive disorder,obsessive-compulsive disorder,0,magnetic brain treatment,obsessive-compulsive disorder,0,0,1,0
CD009073,Pedicle screw fixation for traumatic fractures of the thoracic and lumbar spine,pedicle screw fixation,screw surgery for spine breaks,0,traumatic fractures of the thoracic and lumbar spine,spine fractures from injury,0,screw surgery for spine breaks,spine fractures from injury,0,0,0,0
CD004444,Gangliosides for acute spinal cord injury,gangliosides,medicine for nerves,0,acute spinal cord injury,spinal injury,0,medicine for nerves,spinal injury,0,0,0,0
CD004225,Exercise for diabetic pregnant women,exercise,exercise,0,diabetes in pregnancy,diabetes in pregnancy,0,exercise,diabetes in pregnancy,1,1,1,1
CD005131,Oestrogens for preventing recurrent urinary tract infection in postmenopausal women,oestrogens,medicine,1,recurrent urinary tract infection,repeat pee infections,1,estrogen medicine,repeat bladder infections,0,0,0,0
CD001816,Oral immunoglobulin for preventing necrotizing enterocolitis in preterm and low birth weight neonates,oral immunoglobulin,medicine from the body to protect the baby's gut,0,necrotizing enterocolitis,baby gut disease,0,medicine from the body to protect the baby's gut,baby gut disease,0,0,0,0
CD005167,Family interventions for bipolar disorder,family intervention,family support,0,bipolar disorder,bipolar disorder,0,family support,bipolar disorder,0,0,1,0
CD002002,Interferon in relapsing‐remitting multiple sclerosis,interferon,medicine,1,relapsing remitting multiple sclerosis,MS that flares and goes away,1,interferon medicine,multiple sclerosis that flares and goes away,0,0,0,0
CD004097,Dietary advice for treatment of type 2 diabetes mellitus in adults,dietary advice,food plan,0,type 2 diabetes mellitus,type 2 diabetes,0,food plan,type 2 diabetes,0,0,0,0
CD007621,Natalizumab for relapsing remitting multiple sclerosis,natalizumab,medicine for MS,0,relapsing-remitting multiple sclerosis,MS,1,medicine for MS,multiple sclerosis,0,0,0,0
CD002809,Intra‐uterine insemination versus timed intercourse or expectant management for cervical hostility in subfertile couples,intrauterine insemination,medicine to place sperm in the womb,0,cervical hostility,womb problem for getting pregnant,1,medicine to place sperm in the womb,bad cervical mucus that hurts fertility,0,0,0,0
CD008664,Thalidomide for managing cancer cachexia,thalidomide,medicine,1,cancer cachexia,cancer weight loss,0,thalidomide,cancer weight loss,0,0,0,0
CD008596,Histamine H2‐receptor antagonists for urticaria,H2-receptor antagonist,medicine,1,urticaria,hives,0,medicine to block histamine,hives,0,0,0,0
CD008005,Sapropterin dihydrochloride for phenylketonuria,sapropterin dihydrochloride,medicine,1,phenylketonuria,blood problem babies are born with,1,medicine to lower phenylalanine,phenylketonuria,0,0,0,0
CD000134,Maternal hydration for increasing amniotic fluid volume in oligohydramnios and normal amniotic fluid volume,maternal hydration,drinking more water,0,oligohydramnios,low water around baby,1,drinking more water,low amniotic fluid,0,0,0,0
CD007415,Temozolomide for high grade glioma,temozolomide,chemotherapy drug,0,high grade glioma,brain cancer,0,chemotherapy drug,brain cancer,0,0,0,0
CD005335,Combined psychotherapy plus benzodiazepines for panic disorder,combined psychotherapy and benzodiazepines,therapy and medicine for panic,0,panic disorder,panic disorder,0,therapy and medicine for panic,panic disorder,0,0,1,0
CD001083,Cyclosporine for treating rheumatoid arthritis,cyclosporine,medicine for arthritis,0,rheumatoid arthritis,arthritis,0,medicine for arthritis,arthritis,0,0,0,0
CD006719,Alkylating agents for Waldenstrom's macroglobulinaemia,alkylating agents,chemotherapy drugs,0,Waldenstrom's macroglobulinaemia,a rare blood cancer,0,chemotherapy drugs,a rare blood cancer,0,0,0,0
CD007687,Mifepristone for uterine fibroids,mifepristone,medicine to stop heavy periods,0,uterine fibroids,lumps in womb,1,medicine to stop heavy periods,noncancerous womb growths,0,0,0,0
CD009194,Surfactant therapy for bronchiolitis in critically ill infants,surfactant therapy,medicine,1,bronchiolitis,baby lung infection,0,surfactant medicine,baby lung infection,0,0,0,0
CD004760,Creatine for treating muscle disorders,creatine,muscle supplement,1,muscle weakness,weak muscles,0,creatin,weak muscles,0,0,0,0
CD002194,Multidisciplinary biopsychosocial rehabilitation for neck and shoulder pain among working age adults,multidisciplinary biopsychosocial rehabilitation,rehab for pain,1,neck and shoulder pain,neck and shoulder pain,0,rehabilitation for pain,neck and shoulder pain,0,0,1,0
CD007441,Single dose oral lornoxicam for acute postoperative pain in adults,lornoxicam,pain medicine,0,acute postoperative pain,after surgery pain,0,pain medicine,after surgery pain,0,0,0,0
CD003235,Emergency interventions for hyperkalaemia,emergency interventions,quick medicine for high potassium,0,hyperkalaemia,high potassium in blood,0,quick medicine for high potassium,high potassium in blood,0,0,0,0
CD000373,Kinesthetic stimulation for preventing apnea in preterm infants,kinesthetic stimulation,movement stimulation,0,apnea,stopped breathing in babies,0,movement stimulation,stopped breathing in babies,0,0,0,0
CD008358,Magnesium for alcohol withdrawal,magnesium,magnesium,0,alcohol withdrawal,alcohol withdrawal,0,magnesium,alcohol withdrawal,1,1,1,1
CD004913,Vaccines for preventing smallpox,smallpox vaccines,smallpox vaccine,0,smallpox,smallpox,0,smallpox vaccine,smallpox,0,0,1,0
CD009324,Losigamone add‐on therapy for focal epilepsy,losigamone,medicine for seizures,0,focal epilepsy,seizure disorder,0,medicine for seizures,seizure disorder,0,0,0,0
CD006686,Bradykinin beta‐2 receptor antagonists for acute traumatic brain injury,bradykinin beta-2 receptor antagonists,medicine to reduce brain swelling,0,acute traumatic brain injury,severe head injury from trauma,0,medicine to reduce brain swelling,severe head injury from trauma,0,0,0,0
CD006301,High‐dose chemotherapy and autologous haematopoietic stem cell rescue for children with high‐risk neuroblastoma,high-dose chemotherapy and autologous haematopoietic stem cell rescue,strong chemotherapy and treatment,1,high-risk neuroblastoma,serious childhood brain tumor,0,strong chemotherapy and stem cell treatment,serious childhood brain tumor,0,0,0,0
CD001687,"Reduced salt intake compared to normal dietary salt, or high intake, in pregnancy",reduced salt intake,less salt in diet,0,pre-eclampsia,high blood pressure in pregnancy,0,less salt in diet,high blood pressure in pregnancy,0,0,0,0
CD001310,Electrical stimulation for faecal incontinence in adults,electrical stimulation,electrical treatment,0,faecal incontinence,leaking poop,1,electrical treatment,bowel leakage,0,0,0,0
CD004309,Single dose oral etoricoxib for acute postoperative pain in adults,single dose oral etoricoxib,pain medicine,0,acute postoperative pain,pain after surgery,0,pain medicine,pain after surgery,0,0,0,0
CD005372,Oxygen therapy during exercise training in chronic obstructive pulmonary disease,supplemental oxygen during exercise training,oxygen during exercise,0,chronic obstructive pulmonary disease,lung disease that lasts for a long time,1,oxygen during exercise,lung disease,0,0,0,0
CD004748,Velnacrine for Alzheimer's disease,velnacrine,medicine for memory loss,0,Alzheimer's disease,Alzheimer's,1,medicine for memory loss,Alzheimer's disease,0,0,0,0
CD004771,Intravenous or intramuscular parecoxib for acute postoperative pain in adults,parecoxib,pain medicine,0,acute postoperative pain,pain after surgery,0,pain medicine,pain after surgery,0,0,0,0
CD004887,Human recombinant activated factor VII for upper gastrointestinal bleeding in patients with liver diseases,recombinant human activated factor VII,blood clot medicine,0,upper gastrointestinal bleeding,stomach bleeding in liver disease,0,blood clot medicine,stomach bleeding in liver disease,0,0,0,0
CD006520,Psychotherapies for hypochondriasis,psychotherapy,therapy,0,hypochondriasis,health anxiety,0,therapy,health anxiety,0,0,0,0
CD001524,Yoga for epilepsy,yoga,yoga,0,epilepsy,seizure disorder,1,yoga,epilepsy,0,1,0,0
CD005942,Exercise or other physical activity for preventing pre‐eclampsia and its complications,exercise,exercise,0,pre-eclampsia,high blood pressure in pregnancy,0,exercise,high blood pressure in pregnancy,0,1,0,0
CD003802,Melatonin for the treatment of dementia,melatonin,supplement,1,dementia,memory and thinking problem,1,melatonin medicine,dementia,0,0,0,0
CD003724,Antidepressant drugs for narcolepsy,antidepressant,antidepressant medicine,0,narcolepsy,sleep disorder,0,antidepressant medicine,sleep disorder,0,0,0,0
CD003043,Ursodeoxycholic acid and/or antibiotics for prevention of biliary stent occlusion,ursodeoxycholic acid and antibiotics,medicine and antibiotics ,1,biliary stent occlusion,liver blockage problem,1,medicine and antibiotics to prevent stent blockage,stent getting clogged in bile duct,0,0,0,0
CD001164,Zuclopenthixol decanoate for schizophrenia and other serious mental illnesses,zuclopenthixol decanoate,mental health medicine,1,schizophrenia and other serious mental illnesses,serious mental health problem,1,injectable mental health medicine,schizophrenia and serious mental illness,0,0,0,0
CD004731,Protein substitute for children and adults with phenylketonuria,protein substitute,protein supplement,0,phenylketonuria,blood problem babies are born with,1,protein supplement,phenylketonuria,0,0,0,0
CD001049,Mannitol for acute traumatic brain injury,mannitol,medicine for brain swelling,0,acute traumatic brain injury,severe head injury,0,medicine for brain swelling,severe head injury,0,0,0,0
CD001693,Peripheral retinal ablation for threshold retinopathy of prematurity in preterm infants,peripheral retinal ablation,eye treatment for babies,0,threshold retinopathy of prematurity,eye problem in premature babies,0,eye treatment for babies,eye problem in premature babies,0,0,0,0
CD005965,Artemether‐lumefantrine (four‐dose regimen) for treating uncomplicated falciparum malaria,artemether-lumefantrine four-dose regimen,medicine,1,uncomplicated falciparum malaria,malaria,1,artemether-lumefantrine four-dose medicine,malaria caused by falciparum,0,0,0,0
CD006983,Decompressive surgery for treating nerve damage in leprosy,decompressive surgery,surgery to relieve nerve pressure,0,nerve damage in leprosy,nerve damage,1,surgery to relieve nerve pressure,nerve damage from leprosy,0,0,0,0
CD001276,Intravenous aminophylline for acute severe asthma in children over two years receiving inhaled bronchodilators,intravenous aminophylline,medicine shot,0,acute severe asthma,severe asthma in kids,0,medicine shot,severe asthma in kids,0,0,0,0
CD001856,Medical anti‐shock trousers (pneumatic anti‐shock garments) for circulatory support in patients with trauma,medical anti-shock trousers,anti-shock trousers,1,trauma,injury,0,shock trousers,injury,0,0,0,0
CD005617,Corticosteroid injection for trigger finger in adults,corticosteroid injection,steroid shot,0,trigger finger,finger that locks,0,steroid shot,finger that locks,0,0,0,0
CD003323,Autologous chondrocyte implantation for full thickness articular cartilage defects of the knee,autologous chondrocyte implantation,cartilage cell surgery,0,full thickness articular cartilage defects of the knee,knee cartilage damage,0,cartilage cell surgery,knee cartilage damage,0,0,0,0
CD009600,Ergonomic positioning or equipment for treating carpal tunnel syndrome,ergonomic positioning or equipment,supporting position and tools,1,carpal tunnel syndrome,carpal tunnel pain,0,ergonomic keyboard or wrist support,carpal tunnel pain,0,0,0,0
CD003448,Laxatives for the management of constipation in people receiving palliative care,laxatives,poop medicine,1,constipation,constipation,0,laxatives,constipation,0,0,1,0
CD004410,New generation antipsychotics for first episode schizophrenia,new generation antipsychotics,new medicine,1,first episode schizophrenia,first time serious brain problem,1,new antipsychotic medicine,first time schizophrenia,0,0,0,0
CD006000,Azathioprine for primary biliary cirrhosis,azathioprine,medicine,0,primary biliary cirrhosis,liver disease,0,medicine,liver disease,0,0,0,0
CD009361,Colesevelam for type 2 diabetes mellitus,colesevelam,medicine,1,type 2 diabetes mellitus,type 2 diabetes,0,medicine for cholesterol,type 2 diabetes,0,0,0,0
CD000956,Prazosin for Raynaud's phenomenon in progressive systemic sclerosis,prazosin,medicine for blood pressure,0,Raynaud's phenomenon in scleroderma,cold fingers from skin disease,1,medicine for blood pressure,fingers and toes turn cold in scleroderma,0,0,0,0
CD004335,Community‐based interventions for the prevention of burns and scalds in children,community-based interventions,community safety programs,0,burns and scalds,skin burns,1,community safety programs,child burns and scalds,0,0,0,0
CD005224,Immunosuppressive agents for myasthenia gravis,immunosuppressive agent,medicine,1,myasthenia gravis,weak muscles disease,0,medicine to calm the immune system,weak muscles disease,0,0,0,0
CD000988,Buflomedil for intermittent claudication,buflomedil,medicine,1,intermittent claudication,leg pain when walking,0,medicine for blood vessels,leg pain when walking,0,0,0,0
CD008554,Repetitive transcranial magnetic stimulation for the treatment of amyotrophic lateral sclerosis or motor neuron disease,repetitive transcranial magnetic stimulation,brain treatment,1,amyotrophic lateral sclerosis,spinal muscle disease,0,magnetic brain treatment,spinal muscle disease,0,0,0,0
CD000499,Kinesthetic stimulation for treating apnea in preterm infants,kinesthetic stimulation,movement stimulation,0,apnea of prematurity,breathing problems in premature babies,0,movement stimulation,breathing problems in premature babies,0,0,0,0
CD008050,Secondary bone grafting for alveolar cleft in children with cleft lip or cleft lip and palate,secondary bone grafting,bone surgery for missing tooth bone,0,alveolar cleft,gap in mouth roof,1,bone surgery for missing tooth bone,gap in the jaw from cleft lip or palate,0,0,0,0
CD009146,Hormone replacement for osteoporosis in women with primary biliary cirrhosis,hormone replacement,hormone medicine,0,osteoporosis,bone thinning,0,hormone medicine,bone thinning,0,0,0,0
CD001498,Thiamine for Alzheimer's disease,thiamine,vitamin,1,Alzheimer's disease,Alzheimer's,1,vitamin B1,Alzheimer's disease,0,0,0,0
CD004553,Catechol‐O‐methyltransferase inhibitors versus active comparators for levodopa‐induced complications in Parkinson's disease,COMT inhibitors,medicine to help Parkinson's drug work longer,0,levodopa-induced complications in Parkinson's disease,problems from Parkinson's medication,0,medicine to help Parkinson's drug work longer,problems from Parkinson's medication,0,0,0,0
CD008471,Electromagnetic field stimulation for treating delayed union or non‐union of long bone fractures in adults,electromagnetic field stimulation,treatment with energy waves,1,delayed union or non-union of long bone fractures,broken bone that won't heal,0,electromagnetic treatment,broken bone that won't heal,0,0,0,0
CD004077,Conservative management of symptomatic and/or complicated haemorrhoids in pregnancy and the puerperium,conservative management,natural treatments,0,symptomatic haemorrhoids,piles,0,natural treatments,piles,0,0,0,0
CD001908,Tiagabine add‐on therapy for drug‐resistant focal epilepsy,tiagabine,medicine for seizures,0,drug-resistant focal epilepsy,seizures that don't respond to drugs,0,medicine for seizures,seizures that don't respond to drugs,0,0,0,0
CD004393,Vitamin B6 for cognition,vitamin B6,vitamin,1,cognitive impairment,memory problems,0,vitamin B6,memory problems,0,0,0,0
CD004720,Screening for prostate cancer,screening for prostate cancer,checking for prostate cancer,0,prostate cancer,prostate cancer,0,checking for prostate cancer,prostate cancer,0,0,1,0
CD008025,Methadone for chronic non‐cancer pain in adults,methadone,medicine,1,chronic non-cancer pain,pain that lasts for a long time not from cancer,1,methadone,long-term pain not from cancer,0,0,0,0
CD004800,Sulfasalazine for ankylosing spondylitis,sulfasalazine,medicine,1,ankylosing spondylitis,spine disease,0,sulfasalazine medicine,spine disease,0,0,0,0
CD001698,Electrical stimulation for preventing and treating post‐stroke shoulder pain,electrical stimulation,electric current to shoulder,0,post-stroke shoulder pain,shoulder pain after stroke,0,electric current to shoulder,shoulder pain after stroke,0,0,0,0
CD004282,Non‐invasive interventions for improving well‐being and quality of life in patients with lung cancer,non-invasive interventions,external treatments,1,lung cancer,lung cancer,0,non-invasive treatments,lung cancer,0,0,1,0
CD005966,Vaccines for preventing malaria (SPf66),SPf66 vaccine,malaria vaccine,0,malaria,malaria,0,malaria vaccine,malaria,0,0,1,0
CD006540,One‐to‐one dietary interventions undertaken in a dental setting to change dietary behaviour,one-to-one dietary interventions,diet advice from a dentist,0,dietary behaviour,what people eat,0,diet advice from a dentist,what people eat,0,0,0,0
CD006216,Mupirocin ointment for preventing Staphylococcus aureus infections in nasal carriers,mupirocin ointment,antibiotic ointment,0,S. aureus infections,bacterial infections,1,antibiotic ointment,staph infections,0,0,0,0
CD007719,Routine vitamin A supplementation for the prevention of blindness due to measles infection in children,vitamin A supplementation,vitamin A pills,0,blindness due to measles infection,blindness from measles,0,vitamin A pills,blindness from measles,0,0,0,0
CD005192,Auricular acupuncture for cocaine dependence,auricular acupuncture,ear acupuncture,0,cocaine dependence,coke addiction,1,ear acupuncture,cocaine addiction,0,0,0,0
CD004242,Day care versus in‐patient surgery for age‐related cataract,day care surgery,day surgery,0,age-related cataract,cataract,0,day surgery,cataract,0,0,0,0
CD003744,"Erythromycin for the prevention of chronic lung disease in intubated preterm infants at risk for, or colonized or infected with Ureaplasma urealyticum",erythromycin,antibiotic,0,chronic lung disease,lung problem that lasts for a long time,1,antibiotic,lung problem in premature babies,0,0,0,0
CD008240,Topical interventions for genital lichen sclerosus,topical intervention,topical cream,0,genital lichen sclerosus,rash on genitals,1,topical cream,genital skin condition,0,0,0,0
CD006740,Thyroid hormones for acute kidney injury,thyroid hormones,thyroid medicine,0,acute kidney injury,kidney damage,0,thyroid medicine,kidney damage,0,0,0,0
CD008282,Adenoidectomy for recurrent or chronic nasal symptoms in children,adenoidectomy,surgery,1,recurrent or chronic nasal symptoms,nose problems in kids that that last for a long time,1,removing adenoids,nose problems in kids,0,0,0,0
CD007945,Centralisation of services for gynaecological cancer,centralisation of care,treatment in special hospitals,0,gynaecological cancer,womb cancer,0,treatment in special hospitals,womb cancer,0,0,0,0
CD007678,High‐dose therapy with autologous stem cell transplantation versus chemotherapy or immuno‐chemotherapy for follicular lymphoma in adults,high-dose therapy with autologous stem cell transplantation,treatment,1,follicular lymphoma,blood cancer,1,strong treatment after chemo,lymphoma,0,0,0,0
CD001817,Diuretics acting on the distal renal tubule for preterm infants with (or developing) chronic lung disease,distal diuretics,medicine that makes you pee more,1,chronic lung disease,lung disease that that lasts for a long time,1,diuretic medicine,lung disease in babies,0,0,0,0
CD007340,Bariatric surgery for non‐alcoholic steatohepatitis in obese patients,bariatric surgery,weight loss surgery,0,non-alcoholic steatohepatitis,liver swelling from fat,1,weight loss surgery,fatty liver with inflammation,0,0,0,0
CD004744,Rivastigmine for vascular cognitive impairment,rivastigmine,medicine for brain function,0,vascular cognitive impairment,thinking problems from poor blood flow,1,medicine for brain function,brain problems from blood vessels,0,0,0,0
CD002980,Acyclovir for treating varicella in otherwise healthy children and adolescents,acyclovir,medicine,0,chickenpox,chickenpox,0,medicine,chickenpox,0,0,1,0
CD009389,Spinal cord stimulation for cancer‐related pain in adults,spinal cord stimulation,spinal stimulation,0,cancer-related pain,pain from cancer,0,spinal stimulation,pain from cancer,0,0,0,0
CD010210,Single dose oral ibuprofen plus paracetamol (acetaminophen) for acute postoperative pain,ibuprofen and paracetamol,pain medicine,0,acute postoperative pain,after surgery pain,0,pain medicine,after surgery pain,0,0,0,0
CD004059,Prolotherapy injections for chronic low‐back pain,prolotherapy injections,injections to strengthen back,1,chronic low-back pain,back pain that lasts a long time,0,injections to strengthen back ligaments,back pain that lasts a long time,0,0,0,0
CD002739,Inhaled corticosteroids compared to placebo for prevention of exercise induced bronchoconstriction,inhaled corticosteroids,inhaler medicine,0,exercise induced bronchoconstriction,breathing trouble from exercise,0,inhaler medicine,breathing trouble from exercise,0,0,0,0
CD004684,Laser and photoepilation for unwanted hair growth,laser and photoepilation,laser or light hair removal,0,unwanted hair growth,extra hair,0,laser or light hair removal,extra hair,0,0,0,0
CD004835,Surgical excision margins for primary cutaneous melanoma,surgical excision margins,how much skin to cut off during surgery,0,primary cutaneous melanoma,skin cancer,0,how much skin to cut off during surgery,skin cancer,0,0,0,0
CD007847,Postoperative tamoxifen for ductal carcinoma in situ,postoperative tamoxifen,medicine after surgery,0,ductal carcinoma in situ,early breast cancer,1,medicine after surgery,non-invasive breast cancer,0,0,0,0
CD008451,The effect of financial incentives on the quality of health care provided by primary care physicians,financial incentives,money rewards for doctors,0,quality of health care,quality of doctor care,0,money rewards for doctors,quality of doctor care,0,0,0,0
CD000069,Danazol for unexplained subfertility,danazol,medicine for fertility,0,unexplained subfertility,trouble having a baby without known reason,1,medicine for fertility,no known cause of infertility,0,0,0,0
CD009756,Mobile phone text messaging for promoting adherence to antiretroviral therapy in patients with HIV infection,mobile phone text-messaging,text messages from phone,0,non-adherence to antiretroviral therapy,not taking HIV medicine as told,0,text messages from phone,not taking HIV medicine as told,0,0,0,0
CD007946,Repetitive transcranial magnetic stimulation for tinnitus,repetitive transcranial magnetic stimulation,brain stimulation treatment,0,tinnitus,ringing in the ears,0,brain stimulation treatment,ringing in the ears,0,0,0,0
CD001070,Thyroid hormones for preventing neurodevelopmental impairment in preterm infants,thyroid hormone therapy,thyroid medicine,0,neurodevelopmental impairment,brain development problems,0,thyroid medicine,brain development problems,0,0,0,0
CD004989,Massage and touch for dementia,massage and touch,massage and touch,0,dementia,memory and thinking problems,1,massage and touch,dementia,0,1,0,0
CD005008,Different dosage schedules for reducing cardiotoxicity in people with cancer receiving anthracycline chemotherapy,anthracycline dosage schedules,how long and how much medicine is given,1,cardiotoxicity,heart damage from chemo,0,how long and how much anthracycline is given,heart damage from chemo,0,0,0,0
CD002936,Intravenous immunoglobulins for multiple sclerosis,intravenous immunoglobulins,medicine,1,multiple sclerosis,MS,1,IV immune medicine,multiple sclerosis,0,0,0,0
CD006806,Peri‐operative glycaemic control regimens for preventing surgical site infections in adults,glycaemic control,blood sugar control,0,surgical site infections,infections after surgery,0,blood sugar control,infections after surgery,0,0,0,0
CD004856,Behavioural and cognitive behavioural therapy for obsessive compulsive disorder in children and adolescents,behavioural and cognitive-behavioural therapy,therapy for OCD,0,obsessive-compulsive disorder,OCD in kids and teens,0,therapy for OCD,OCD in kids and teens,0,0,0,0
CD004427,Mechanical ventilation for amyotrophic lateral sclerosis/motor neuron disease,mechanical ventilation,breathing machine,1,amyotrophic lateral sclerosis,ALS,0,ventilation machine,ALS,0,0,0,0
CD006174,Intrapartum fetal scalp lactate sampling for fetal assessment in the presence of a non‐reassuring fetal heart rate trace,fetal scalp lactate sampling,blood test on baby’s head,1,non-reassuring fetal heart rate trace,concerning baby heart rate during labor,1,test for fetal blood lactate,abnormal baby heart rate during labor,0,0,0,0
CD004363,Antidepressants for preventing postnatal depression,antidepressants,antidepressant medicine,0,postnatal depression,depression after having a baby,0,antidepressant medicine,depression after having a baby,0,0,0,0
CD006987,Antivirals for idiopathic sudden sensorineural hearing loss,antivirals,medicine,1,idiopathic sudden sensorineural hearing loss,sudden hearing loss,0,antiviral medicine,sudden hearing loss,0,0,0,0
CD001475,Blood transfusion for treating malarial anaemia,blood transfusion,getting blood from another person,1,severe malarial anaemia,severe malaria sickness,0,blood transfusion,severe malaria sickness,0,0,0,0
CD001753,Vaccines for preventing influenza in people with cystic fibrosis,influenza vaccination,flu shot,0,influenza,flu,0,flu shot,flu,0,0,0,0
CD006836,Bone grafts and bone substitutes for treating distal radial fractures in adults,bone grafts and bone substitutes,bone filler,0,distal radial fractures,broken wrist bone,0,bone filler,broken wrist bone,0,0,0,0
CD004795,Fluoroquinolones for treating tuberculosis (presumed drug‐sensitive),fluoroquinolones,medicine,1,tuberculosis,TB,1,fluoroquinolone medicine,tuberculosis,0,0,0,0
CD008089,Surgery for shoulder osteoarthritis,surgery,shoulder surgery,0,shoulder osteoarthritis,shoulder arthritis,0,shoulder surgery,shoulder arthritis,0,0,0,0
CD005946,Postnatal thyroid hormones for respiratory distress syndrome in preterm infants,thyroid hormone therapy,medicine after birth,1,respiratory distress syndrome,breathing trouble in premature babies,0,thyroid medicine after birth,breathing trouble in premature babies,0,0,0,0
CD001429,Emergency intubation for acutely ill and injured patients,emergency intubation,intubation,0,airway compromise,airway problem,0,intubation,airway problem,0,0,0,0
CD001063,Hands and knees posture in late pregnancy or labour for fetal malposition (lateral or posterior),hands and knees posture,hands and knees position,0,fetal malposition (lateral or posterior),baby in wrong position in womb,0,hands and knees position,baby in wrong position in womb,0,0,0,0
CD007152,Lasers or light sources for treating port‐wine stains,lasers or light sources,lasers or light treatment,0,port-wine stains,red birthmark,0,lasers or light treatment,red birthmark,0,0,0,0
CD004253,Psychological interventions for women with metastatic breast cancer,psychological interventions,therapy,0,metastatic breast cancer,advanced breast cancer,0,therapy,advanced breast cancer,0,0,0,0
CD000166,Planned caesarean section for term breech delivery,planned caesarean section,C-section,0,breech presentation at term,baby upside down at birth,0,C-section,baby upside down at birth,0,0,0,0
CD008653,Febuxostat for treating chronic gout,febuxostat,medicine ,1,chronic gout,joints with pain that lasts for a long time,1,medicine to lower uric acid,chronic gout,0,0,0,0
CD006607,Oxygen therapy for pneumonia in adults,oxygen therapy,oxygen,0,pneumonia,lung infection,1,oxygen,pneumonia,0,0,0,0
CD008818,Allogeneic hematopoietic cell transplantation for adult acute lymphoblastic leukemia (ALL) in first complete remission,allogeneic hematopoietic cell transplantation,receiving blood-making cells from sibling,1,acute lymphoblastic leukemia in first complete remission,blood cancer in first recovery,1,bone marrow transplant from a sibling,leukemia in first remission,0,0,0,0
CD005602,Leukotriene receptor antagonist for prolonged non‐specific cough in children,leukotriene receptor antagonist,cough medicine,0,prolonged non-specific cough,long-lasting cough in kids,0,cough medicine,long-lasting cough in kids,0,0,0,0
CD004036,Glucocorticosteroids for primary sclerosing cholangitis,glucocorticosteroids,steroid medicine,0,primary sclerosing cholangitis,liver problem,1,steroid medicine,liver bile pipe disease,0,0,0,0
CD001476,Potassium containing toothpastes for dentine hypersensitivity,potassium containing toothpastes,toothpaste with potassium,0,dentine hypersensitivity,tooth sensitivity,0,toothpaste with potassium,tooth sensitivity,0,0,0,0
CD008264,Antibiotics for leptospirosis,antibiotics,antibiotics,0,leptospirosis,bacterial infection from animals,1,antibiotics,leptospirosis,0,1,0,0
CD001833,Vaccines for post‐exposure prophylaxis against varicella (chickenpox) in children and adults,varicella vaccine,chickenpox vaccine,0,varicella,chickenpox,0,chickenpox vaccine,chickenpox,0,0,0,0
CD008271,Botulinum toxin for shoulder pain,botulinum toxin,toxin injection,0,shoulder pain,shoulder pain,0,toxin injection,shoulder pain,0,0,1,0
CD005660,Analgesia in patients with acute abdominal pain,opioid analgesia,pain medicine,0,acute abdominal pain,sudden stomach pain,0,pain medicine,sudden stomach pain,0,0,0,0
CD005055,Inhaled nitric oxide for the postoperative management of pulmonary hypertension in infants and children with congenital heart disease,inhaled nitric oxide,medicine for lungs,1,pulmonary hypertension,high blood pressure in lungs,0,inhaled medicine for lungs,high blood pressure in lungs,0,0,0,0
CD008669,"Tonsillectomy for periodic fever, aphthous stomatitis, pharyngitis and cervical adenitis syndrome (PFAPA)",tonsillectomy,tonsil removal,0,PFAPA syndrome,periodic fever syndrome in kids,0,tonsil removal,periodic fever syndrome in kids,0,0,0,0
CD010107,Single dose oral ibuprofen plus codeine for acute postoperative pain in adults,ibuprofen plus codeine,pain medicine pill,1,acute postoperative pain,pain after surgery,0,ibuprofen and codeine pill,pain after surgery,0,0,0,0
CD003228,Endovascular stents for intermittent claudication,endovascular stents,tube to let blood flow,1,intermittent claudication,leg pain when walking,0,stents in arteries,leg pain when walking,0,0,0,0
CD005589,Topotecan for ovarian cancer,topotecan,medicine,1,ovarian cancer,ovary cancer,1,topotecan medicine,ovarian cancer,0,0,0,0
CD003697,Statins and fibrates for preventing melanoma,statins and fibrates,cholesterol drugs,0,melanoma,skin cancer,0,cholesterol drugs,skin cancer,0,0,0,0
CD009748,Motivational interviewing for improving outcomes in youth living with HIV,motivational interviewing,therapy,1,HIV,HIV in young people,0,talk therapy,HIV in young people,0,0,0,0
CD007943,Surgery for tympanic membrane retraction pockets,surgery,surgery,0,tympanic membrane retractions,ear drum pulled in,1,surgery,eardrum retraction,0,1,0,0
CD001987,Laser prostatectomy for benign prostatic obstruction,laser prostatectomy,laser surgery,0,benign prostatic obstruction,blocked pee from prostate,1,laser surgery,enlarged prostate,0,0,0,0
CD003608,Occupational therapy for multiple sclerosis,occupational therapy,therapy to help with daily tasks,0,multiple sclerosis,MS,1,therapy to help with daily tasks,multiple sclerosis,0,0,0,0
CD008042,Triptans for acute cluster headache,triptans,medicine for headache,0,cluster headache,severe headache that comes in groups,0,medicine for headache,severe headache that comes in groups,0,0,0,0
CD004456,Home visits during pregnancy and after birth for women with an alcohol or drug problem,home visits,home visits,0,alcohol or drug problem,alcohol or drug use,0,home visits,alcohol or drug use,0,1,0,0
CD003904,Exercise for people with peripheral neuropathy,exercise,exercise,0,peripheral neuropathy,nerve pain,0,exercise,nerve pain,0,1,0,0
CD003756,Intermittent preventive treatment for malaria in children living in areas with seasonal transmission,intermittent preventive treatment,giving medicine to kids regularly,0,malaria,malaria,0,giving medicine to kids regularly,malaria,0,0,1,0
CD003415,Progesterone for premenstrual syndrome,progesterone,progesterone medicine,0,premenstrual syndrome,PMS,0,progesterone medicine,PMS,0,0,0,0
CD007323,Doxycycline for osteoarthritis of the knee or hip,doxycycline,antibiotic,1,osteoarthritis of the knee or hip,knee or hip joint pain,0,doxycycline medicine,knee or hip joint pain,0,0,0,0
CD004967,Drugs for treating paracoccidioidomycosis,drugs,drugs,0,paracoccidioidomycosis,fungal infection,0,drugs,fungal infection,0,1,0,0
CD002930,Electromagnetic therapy for treating pressure ulcers,electromagnetic therapy,treatment with energy waves,1,pressure ulcers,pressure sores,0,electromagnetic treatment,pressure sores,0,0,0,0
CD005444,Pre‐operative biliary drainage for obstructive jaundice,pre-operative biliary drainage,drainage before surgery,0,obstructive jaundice,jaundice,1,drainage before surgery,blocked bile duct,0,0,0,0
CD003311,Cooling for newborns with hypoxic ischaemic encephalopathy,cooling,cooling,0,hypoxic ischaemic encephalopathy,brain damage in newborns,0,cooling,brain damage in newborns,0,1,0,0
CD007342,Antibiotic prophylaxis for leptospirosis,antibiotic prophylaxis,antibiotics to prevent infection,0,leptospirosis,bacterial infection from animals,1,antibiotics to prevent infection,leptospirosis,0,0,0,0
CD007234,Adjuvant radiotherapy following radical prostatectomy for prostate cancer,adjuvant radiotherapy,treatment after surgery,1,prostate cancer,prostate cancer,0,radiotherapy after surgery,prostate cancer,0,0,1,0
CD007992,Omega‐3 fatty acids supplementation for autism spectrum disorders (ASD),omega-3 fatty acids supplementation,supplements,1,autism spectrum disorders,autism,0,omega-3 supplements,autism,0,0,0,0
CD007556,Single dose oral fenoprofen for acute postoperative pain in adults,fenoprofen,pain medicine,0,acute postoperative pain,pain after surgery,0,pain medicine,pain after surgery,0,0,0,0
CD006749,Detoxification treatments for opiate dependent adolescents,detoxification treatments,medicine to quit drugs,0,opiate dependence,dependence on opioids,0,medicine to quit drugs,dependence on opioids,0,0,0,0
CD007502,Massage therapy for people with HIV/AIDS,massage therapy,massage,0,HIV/AIDS,HIV/AIDS,0,massage,HIV/AIDS,0,0,1,0
CD006755,Home‐based therapy programmes for upper limb functional recovery following stroke,home-based upper limb therapy,home therapy for arm recovery,0,upper limb impairment following stroke,arm problems after stroke,0,home therapy for arm recovery,arm problems after stroke,0,0,0,0
CD003853,Antidepressants for patients with tinnitus,antidepressant,antidepressant medicine,0,tinnitus,ringing in the ears,0,antidepressant medicine,ringing in the ears,0,0,0,0
CD002013,Pulse oximetry for perioperative monitoring,pulse oximetry,machine,1,hypoxaemia,low oxygen in blood,0,pulse oximetry,low oxygen in blood,0,0,0,0
CD001927,Oral anticoagulants for preventing stroke in patients with non‐valvular atrial fibrillation and no previous history of stroke or transient ischemic attacks,oral anticoagulants,blood thinner,0,stroke,stroke,0,blood thinner,stroke,0,0,1,0
CD001002,Manual therapy for asthma,manual therapy,hand therapy,0,asthma,asthma,0,hand therapy,asthma,0,0,1,0
CD009238,Helminth therapy (worms) for allergic rhinitis,helminth therapy,worm treatment,0,allergic rhinitis,allergy in nose,0,worm treatment,allergy in nose,0,0,0,0
CD000089,Family therapy for asthma in children,family therapy,family therapy,0,asthma,asthma,0,family therapy,asthma,1,1,1,1
CD010223,Selenium supplementation for Hashimoto's thyroiditis,selenium supplementation,selenium supplement,0,Hashimoto's thyroiditis,thyroid problem,1,selenium supplement,autoimmune thyroid disease,0,0,0,0
CD004575,Rehabilitation for hamstring injuries,rehabilitation,exercise to heal muscles,0,hamstring injuries,hamstring injuries,0,exercise to heal muscles,hamstring injuries,0,0,1,0
CD005526,Cyclosporin A for primary biliary cirrhosis,cyclosporin A,medicine,0,primary biliary cirrhosis,liver disease,0,medicine,liver disease,0,0,0,0
CD005268,Individual patient education for people with type 2 diabetes mellitus,individual patient education,education for diabetes,0,type 2 diabetes mellitus,type 2 diabetes,0,education for diabetes,type 2 diabetes,0,0,0,0
CD001775,Ginkgo biloba extract for age‐related macular degeneration,Ginkgo biloba extract,supplement,1,age-related macular degeneration,eye disease that happens with age,0,Ginkgo biloba supplement,eye disease that happens with age,0,0,0,0
CD009084,Pharmacological interventions for self‐injurious behaviour in adults with intellectual disabilities,pharmacological interventions,medicines,0,self-injurious behaviour,hurting oneself,0,medicines,hurting oneself,0,0,0,0
CD009427,Sildenafil citrate for erectile dysfunction in patients with multiple sclerosis,sildenafil citrate,medicine,1,erectile dysfunction,sex problem in MS,1,sildenafil medicine,sex problem in multiple sclerosis,0,0,0,0
CD007563,High dose rate versus low dose rate intracavity brachytherapy for locally advanced uterine cervix cancer,intracavity brachytherapy,cancer treatment in the womb,1,locally advanced uterine cervix cancer,advanced womb cancer,0,cancer treatment with radiation in the womb,advanced womb cancer,0,0,0,0
CD001402,Newborn screening for cystic fibrosis,newborn screening,screening at birth,0,cystic fibrosis,lung and digestion problem from birth,1,screening at birth,cystic fibrosis,0,0,0,0
CD006524,Consultation letters for medically unexplained physical symptoms in primary care,consultation letters,letters from doctors,0,medically unexplained physical symptoms,body symptoms with no clear cause,0,letters from doctors,body symptoms with no clear cause,0,0,0,0
CD006761,Conventional versus LigaSure hemorrhoidectomy for patients with symptomatic Hemorrhoids,hemorrhoidectomy,surgery,1,symptomatic hemorrhoids,painful piles,1,surgery to remove hemorrhoids,painful hemorrhoids,0,0,0,0
CD008533,Prophylactic gastrojejunostomy for unresectable periampullary carcinoma,prophylactic gastrojejunostomy,surgery,1,unresectable periampullary cancer,cancer that can't be removed by surgery,0,surgery to prevent stomach blockage,cancer that can't be removed by surgery,0,0,0,0
CD002030,Photodynamic therapy for neovascular age‐related macular degeneration,photodynamic therapy,light therapy,0,neovascular age-related macular degeneration,eye disease that causes vision loss,0,light therapy,eye disease that causes vision loss,0,0,0,0
CD007630,Surgical orbital decompression for thyroid eye disease,surgical orbital decompression,eye surgery to fix bulging eyes,0,thyroid eye disease,thyroid eye disease,0,eye surgery to fix bulging eyes,thyroid eye disease,0,0,1,0
CD006163,Parenteral calcium for intensive care unit patients,parenteral calcium,injection,1,hypocalcemia,low calcium,0,calcium injection,low calcium,0,0,0,0
CD003635,Cerebrospinal fluid drainage for thoracic and thoracoabdominal aortic aneurysm surgery,cerebrospinal fluid drainage,draining fluid from the spine,0,spinal cord injury,spinal cord injury,0,draining fluid from the spine,spinal cord injury,0,0,1,0
CD007533,Botulinum toxin for myofascial pain syndromes in adults,botulinum toxin,injection to relax muscles,1,myofascial pain syndrome,muscle pain with trigger points,0,botulinum toxin injection,muscle pain with trigger points,0,0,0,0
CD001530,Nutritional support for head‐injured patients,nutritional support,food or medicine for the body,0,head injury,head injury,0,food or medicine for the body,head injury,0,0,1,0
CD002247,Primary repair for penetrating colon injuries,primary repair,surgery,1,penetrating colon injuries,deep cuts in the colon,0,repair the colon directly,deep cuts in the colon,0,0,0,0
CD001004,Surgery for obstructive sleep apnoea in adults,surgery,surgery,0,obstructive sleep apnoea,trouble breathing while sleeping,1,surgery,sleep apnoea,0,1,0,0
CD008693,Exercise interventions for shoulder dysfunction in patients treated for head and neck cancer,exercise,exercise,0,shoulder dysfunction,shoulder pain after head and neck cancer treatment,0,exercise,shoulder pain after head and neck cancer treatment,0,1,0,0
CD007114,Orbital radiotherapy for adult thyroid eye disease,orbital radiotherapy,therapy to eyes,1,thyroid eye disease,eye problem from thyroid,0,radiotherapy to eyes,eye problem from thyroid,0,0,0,0
CD004700,Early versus late chest radiotherapy in patients with limited‐stage small cell lung cancer,chest radiotherapy,chest radiation,0,limited-stage small cell lung cancer,early lung cancer,0,chest radiation,early lung cancer,0,0,0,0
CD007810,Adenoidectomy for otitis media in children,adenoidectomy,surgery,1,otitis media,ear infection,0,removing the adenoids,ear infection,0,0,0,0
CD009078,Topical cyclosporine for atopic keratoconjunctivitis,topical cyclosporine,eye medicine,0,atopic keratoconjunctivitis,itchy swollen eyes from allergies,1,eye medicine,eye inflammation from allergies,0,0,0,0
CD006638,Cooling for cerebral protection during brain surgery,induced hypothermia,cooling the brain during surgery,0,cerebral ischaemia,brain not getting enough blood,0,cooling the brain during surgery,brain not getting enough blood,0,0,0,0
CD006452,Rapid viral diagnosis for acute febrile respiratory illness in children in the Emergency Department,rapid viral testing,quick virus test,0,acute respiratory infection,cold or flu in kids,0,quick virus test,cold or flu in kids,0,0,0,0
CD004391,Intramuscular arteether for treating severe malaria,intramuscular arteether,medicine,1,severe malaria,severe malaria,0,artemisinin medicine shot,severe malaria,0,0,1,0
CD005939,Rest during pregnancy for preventing pre‐eclampsia and its complications in women with normal blood pressure,rest,resting during pregnancy,0,pre-eclampsia,high blood pressure during pregnancy,0,resting during pregnancy,high blood pressure during pregnancy,0,0,0,0
CD003574,Tumor necrosis factor‐alpha antibody for induction of remission in Crohn's disease,TNF-alpha blocking agent,medicine,1,Crohn's disease,Crohn's,1,medicine to block TNF-alpha,Crohn's disease,0,0,0,0
CD005954,Exercise therapy in juvenile idiopathic arthritis,exercise therapy,exercise,0,juvenile idiopathic arthritis,childhood arthritis,0,exercise,childhood arthritis,0,0,0,0
CD006697,Interventions for replacing missing teeth: management of soft tissues for dental implants,soft tissue management for dental implants,soft tissue care for dental implants,0,dental implant complications,problems with dental implants,0,soft tissue care for dental implants,problems with dental implants,0,0,0,0
CD004365,Antidepressants for anorexia nervosa,antidepressant,medicine for depression ,1,anorexia nervosa,eating disorder,0,antidepressant medicine,eating disorder,0,0,0,0
CD002993,Cyclosporin as an oral corticosteroid sparing agent in stable asthma,cyclosporin,medicine to reduce steroid use,0,stable asthma,stable asthma,0,medicine to reduce steroid use,stable asthma,0,0,1,0
CD003754,Oral rehydration salt solution for treating cholera: ≤ 270 mOsm/L solutions vs ≥ 310 mOsm/L solutions,oral rehydration salt solution,oral rehydration salts,0,dehydration due to cholera,dehydration from cholera,0,oral rehydration salts,dehydration from cholera,0,0,0,0
CD005118,Arthroscopic debridement for knee osteoarthritis,arthroscopic debridement,knee surgery,1,knee osteoarthritis,knee arthritis,0,knee surgery to clean out cartilage,knee arthritis,0,0,0,0
CD008372,Tricyclic antidepressants for autism spectrum disorders (ASD) in children and adolescents,tricyclic antidepressants,medicine for depression ,1,autism spectrum disorders,autism,0,antidepressant medicine,autism,0,0,0,0
CD009360,Inspiratory muscle training for the recovery of function after stroke,inspiratory muscle training,breathing exercises,0,stroke,stroke,0,breathing exercises,stroke,0,0,1,0
CD002299,Nitrates for achalasia,nitrates,medicine,1,achalasia,stomach muscle problem,0,nitrate medicine,stomach muscle problem,0,0,0,0
CD005641,T‐tube drainage versus primary closure after laparoscopic common bile duct exploration,T-tube drainage,treatment,1,bile leak,liver fluid leak,1,t-tube drainage,bile leak,0,0,0,0
CD005110,Hypnotherapy for treatment of irritable bowel syndrome,hypnotherapy,hypnosis,0,irritable bowel syndrome,ibs,0,hypnosis,ibs,0,0,0,0
CD008781,Vigabatrin versus carbamazepine monotherapy for epilepsy,vigabatrin monotherapy,medicine,1,epilepsy,seizure disorder,1,vigabatrin only,epilepsy,0,0,0,0
CD010111,Topical capsaicin (low concentration) for chronic neuropathic pain in adults,topical capsaicin,capsaicin cream,0,chronic neuropathic pain,nerve pain that lasts for a long time,1,capsaicin cream,nerve pain,0,0,0,0
CD004706,Adjuvant (post‐surgery) chemotherapy for early stage epithelial ovarian cancer,adjuvant chemotherapy,chemo after surgery,1,early-stage epithelial ovarian cancer,early ovary cancer,1,chemotherapy after surgery,early ovarian cancer,0,0,0,0
CD003390,Folate for depressive disorders,folate,folate supplement,0,depression,depression,0,folate supplement,depression,0,0,1,0
CD007921,Interposition vein cuff for infragenicular prosthetic bypass graft,vein cuffed prosthetic graft,surgery,1,critical limb ischaemia,bad leg blood flow,0,vein cuff on tube graft,bad leg blood flow,0,0,0,0
CD004439,Antibiotics for treating chronic osteomyelitis in adults,antibiotics,antibiotics,0,chronic osteomyelitis,bone infection that lasts for a long time,1,antibiotics,long-term bone infection,0,1,0,0
CD000328,Elective high frequency jet ventilation versus conventional ventilation for respiratory distress syndrome in preterm infants,elective high frequency jet ventilation,breathing machine,1,respiratory distress syndrome,breathing trouble in baby,0,high frequency jet ventilation,breathing trouble in baby,0,0,0,0
CD009107,Intracutaneous or subcutaneous sterile water injection compared with blinded controls for pain management in labour,sterile water injection,water injection,0,labour pain,labour pain,0,water injection,labour pain,0,0,1,0
CD009411,High‐dose chemotherapy followed by autologous stem cell transplantation for patients with relapsed/refractory Hodgkin lymphoma,high-dose chemotherapy and autologous stem cell transplant,strong cancer treatment,1,relapsed or refractory Hodgkin lymphoma,cancer that came back or didn't respond to first treatment,0,strong chemotherapy and stem cell transplant,cancer that came back or didn't respond to first treatment,0,0,0,0
CD007749,Antioxidant supplements for liver diseases,antioxidant supplements,supplements,1,liver diseases,liver problems,0,antioxidant pills,liver problems,0,0,0,0
CD007196,Early versus delayed laparoscopic cholecystectomy for uncomplicated biliary colic,early laparoscopic cholecystectomy,surgery,1,uncomplicated biliary colic,pain from stones in stomach,1,early gallbladder surgery,gallstone pain,0,0,0,0
CD008444,Continuous versus intermittent physiological monitoring for acute stroke,continuous physiological monitoring,constant monitoring,0,acute stroke,stroke,0,constant monitoring,stroke,0,0,0,0
CD003132,Therapeutic ultrasound for osteoarthritis of the knee or hip,therapeutic ultrasound,ultrasound treatment,0,osteoarthritis of the knee or hip,knee or hip joint pain,0,ultrasound treatment,knee or hip joint pain,0,0,0,0
CD001108,Azoles for allergic bronchopulmonary aspergillosis associated with asthma,azoles,medicine,1,allergic bronchopulmonary aspergillosis,allergy in the lungs from fungus,1,azole medicine,asthma-related fungus sickness,0,0,0,0
CD000301,Corticosteroids for maintenance of remission in Crohn's disease,corticosteroids,steroids,1,Crohn's disease,Crohn's,1,steroid medicine,Crohn's disease,0,0,0,0
CD005326,Strontium ranelate for preventing and treating postmenopausal osteoporosis,strontium ranelate,medicine,1,postmenopausal osteoporosis,bone loss in women after menopause,0,strontium medicine,bone loss in women after menopause,0,0,0,0
CD006613,Red cell transfusion for the management of upper gastrointestinal haemorrhage,red cell transfusion,receiving blood,1,upper gastrointestinal haemorrhage,stomach bleeding,0,blood transfusion,stomach bleeding,0,0,0,0
CD001950,Benzodiazepines for neuroleptic‐induced acute akathisia,benzodiazepines,medicine for restlessness,0,neuroleptic-induced acute akathisia,restlessness from mental drugs,0,medicine for restlessness,restlessness from mental drugs,0,0,0,0
CD008987,Surgical interventions for treating radial head fractures in adults,surgical intervention,surgery for elbow break,0,radial head fractures in adults,elbow fracture in adults,0,surgery for elbow break,elbow fracture in adults,0,0,0,0
CD000407,Oral steroids for long‐term use in cystic fibrosis,oral corticosteroids,steroids,1,respiratory complications in cystic fibrosis,lung problems in cystic fibrosis,0,steroid medicine,lung problems in cystic fibrosis,0,0,0,0
CD005482,Structured treatment interruptions (STI) in chronic suppressed HIV infection in adults,structured treatment interruptions,breaks from HIV medicine,0,chronic suppressed HIV infection,HIV with low virus levels that lasts for a long time,1,breaks from HIV medicine,HIV with low virus levels,0,0,0,0
CD003745,Indomethacin for asymptomatic patent ductus arteriosus in preterm infants,indomethacin,medicine,1,asymptomatic patent ductus arteriosus in preterm infants,open blood vessel in very small babies,0,medicine to close a duct,open blood vessel in very small babies,0,0,0,0
CD004029,Non‐antiepileptic drugs for trigeminal neuralgia,non-antiepileptic drug,medicine other than seizure drugs,0,trigeminal neuralgia,face pain,0,medicine other than seizure drugs,face pain,0,0,0,0
CD006247,Low bacterial diet versus control diet to prevent infection in cancer patients treated with chemotherapy causing episodes of neutropenia,low bacterial diet,low bacteria diet,1,infection,infection,0,low bacterial diet,infection,0,0,1,0
CD003064,Diuretics for transient tachypnoea of the newborn,diuretics,medicine to help lungs,0,transient tachypnoea of the newborn,newborn breathing fast,0,medicine to help lungs,newborn breathing fast,0,0,0,0
CD001466,Surgery for cervical radiculopathy or myelopathy,surgery,spine surgery,0,cervical radiculopathy or myelopathy,neck pain or spinal cord problem,0,spine surgery,neck pain or spinal cord problem,0,0,0,0
CD008386,Statins for multiple sclerosis,statins,cholesterol medicine,0,multiple sclerosis,MS,1,cholesterol medicine,multiple sclerosis,0,0,0,0
CD006643,Interferon Beta for Primary Progressive Multiple Sclerosis,interferon beta,medicine,1,primary progressive multiple sclerosis,slow-progressing MS,0,interferon beta medicine,slow-progressing MS,0,0,0,0
CD007295,Pharmacologic treatment of depression in multiple sclerosis,antidepressant,medicine for depression ,1,depression in multiple sclerosis,depression in MS,0,antidepressant medicine,depression in MS,0,0,0,0
CD006014,Interval debulking surgery for advanced epithelial ovarian cancer,interval debulking surgery,surgery after chemo,1,advanced epithelial ovarian cancer,strong ovary cancer,1,surgery after chemotherapy,advanced ovarian cancer,0,0,0,0
CD003254,Antibiotic regimens for management of intraamniotic infection,antibiotic regimen,antibiotics,0,intraamniotic infection,infection in the womb around baby,1,antibiotics,infection in the amniotic fluid,0,0,0,0
CD007584,"Chemotherapy for malignant germ cell ovarian cancer in adult patients with early stage, advanced and recurrent disease",chemotherapy,chemo,1,malignant germ cell ovarian cancer,ovary cancer,1,chemotherapy,ovarian cancer,0,0,0,0
CD003439,Impact of tobacco advertising and promotion on increasing adolescent smoking behaviours,tobacco advertising and promotion,tobacco ads,0,adolescent smoking behaviour,teen smoking,0,tobacco ads,teen smoking,0,0,0,0
CD000498,Intraventricular streptokinase after intraventricular hemorrhage in newborn infants,intraventricular streptokinase,medicine to break clots in the brain fluid,0,post-hemorrhagic hydrocephalus,fluid build-up after brain bleeding in babies,0,medicine to break clots in the brain fluid,fluid build-up after brain bleeding in babies,0,0,0,0
CD007842,Acupuncture for slowing the progression of myopia in children and adolescents,acupuncture,acupuncture,0,myopia,short-sightedness,1,acupuncture,near-sightedness,0,1,0,0
CD005963,Advance treatment directives for people with severe mental illness,advance treatment directives,advance treatment,1,severe mental illness,severe mental illness,0,advance treatment directives,severe mental illness,0,0,1,0
CD000148,Maternal nutrient supplementation for suspected impaired fetal growth,nutrient supplementation,supplements for mom,1,impaired fetal growth,baby not growing well,0,nutrients for mom,baby not growing well,0,0,0,0
CD008326,Total disc replacement for chronic back pain in the presence of disc degeneration,total disc replacement,spine surgery to replace disc,0,chronic low-back pain,back pain that lasts for a long time,1,spine surgery to replace disc,chronic back pain,0,0,0,0
CD006860,Personal assistance for adults (19‐64) with both physical and intellectual impairments,personal assistance,help from a worker,0,physical and intellectual impairments,physical and brain problems,0,help from a worker,physical and brain problems,0,0,0,0
CD004597,"Eicosapentaenoic acid (EPA, an omega‐3 fatty acid from fish oils) for the treatment of cancer cachexia",EPA,fish oil medicine,0,cancer cachexia,cancer weight loss,0,fish oil medicine,cancer weight loss,0,0,0,0
CD002929,Disposable surgical face masks for preventing surgical wound infection in clean surgery,disposable surgical face masks,face mask,0,surgical wound infection,wound infection,0,face mask,wound infection,0,0,0,0
CD000220,Interventions for trichomoniasis in pregnancy,anti-trichomonas agents,medicine,1,trichomoniasis in pregnancy,vagina infection during pregnancy,1,medicine for trichomonas,trichomoniasis in pregnancy,0,0,0,0
CD006355,Topical glyceryl trinitrate for rotator cuff disease,topical glyceryl trinitrate,patch medicine,0,rotator cuff disease,shoulder pain,0,patch medicine,shoulder pain,0,0,0,0
CD005506,Antiemetics for reducing vomiting related to acute gastroenteritis in children and adolescents,antiemetics,medicine for nausea,0,vomiting related to acute gastroenteritis,vomiting from stomach bug,0,medicine for nausea,vomiting from stomach bug,0,0,0,0
CD006956,Laparoscopic versus Open surgery for small bowel Crohn's disease,laparoscopic surgery,surgery with small cuts,1,small bowel Crohn's disease,Crohn's,1,laparoscopic surgery,small bowel Crohn's disease,0,0,0,0
CD003422,Vasodilators and vasoactive substances for idiopathic sudden sensorineural hearing loss,vasodilators and vasoactive substances,medicines,1,idiopathic sudden sensorineural hearing loss,sudden hearing loss with no known cause,0,medicines to widen blood vessels,sudden hearing loss with no known cause,0,0,0,0
CD004888,Antiviral treatment for chronic hepatitis C in patients with human immunodeficiency virus,antiviral treatment,medicine,1,chronic hepatitis C,liver infection that lasts for a long time,1,antiviral medicine,chronic liver infection,0,0,0,0
CD005486,Topical silver for treating infected wounds,topical silver,silver cream,0,infected wounds,dirty or infected sores,0,silver cream,dirty or infected sores,0,0,0,0
CD010611,Valproate (valproic acid or sodium valproate or a combination of the two) for the prophylaxis of episodic migraine in adults,valproate,medicine,1,episodic migraine,migraine headaches that come and go,1,valproate medicine,episodic migraine,0,0,0,0
CD008302,Recombinant human thyrotropin (rhTSH) aided radioiodine treatment for residual or metastatic differentiated thyroid cancer,rhTSH-aided radioiodine treatment,medicine,1,residual or metastatic differentiated thyroid cancer,cancer that stayed or spread after surgery,0,medicine to help radioiodine treatment,cancer that stayed or spread after surgery,0,0,0,0
CD000483,Circulatory volume expansion therapy for aneurysmal subarachnoid haemorrhage,volume expansion therapy,fluid therapy,0,aneurysmal subarachnoid haemorrhage,brain bleed,0,fluid therapy,brain bleed,0,0,0,0
CD004791,"Antibiotic prophylaxis for spontaneous bacterial peritonitis in cirrhotic patients with ascites, without gastro‐intestinal bleeding",antibiotic prophylaxis,antibiotics to prevent infection,0,spontaneous bacterial peritonitis,infection in the belly fluid,0,antibiotics to prevent infection,infection in the belly fluid,0,0,0,0
CD006069,Protein containing synthetic surfactant versus animal derived surfactant extract for the prevention and treatment of respiratory distress syndrome,protein containing synthetic surfactant,lung medicine,1,respiratory distress syndrome,breathing trouble in baby,0,synthetic lung medicine,breathing trouble in baby,0,0,0,0
CD003782,Parasympathomimetic drugs for the treatment of salivary gland dysfunction due to radiotherapy,parasympathomimetic drugs,medicine for dry mouth,0,radiation-induced xerostomia,dry mouth from radiation,0,medicine for dry mouth,dry mouth from radiation,0,0,0,0
CD004277,Cyclosporine A for induction of remission in severe ulcerative colitis,cyclosporine A,medicine,1,severe ulcerative colitis,bad bowel problem,1,medicine to stop inflammation,severe colon inflammation,0,0,0,0
CD004957,Multidisciplinary rehabilitation programmes following joint replacement at the hip and knee in chronic arthropathy,multidisciplinary rehabilitation programmes,rehab after joint surgery,1,chronic arthropathy,joint pain that lasts for a long time,1,rehabilitation after joint surgery,long-term joint pain,0,0,0,0
CD004746,Galantamine for vascular cognitive impairment,galantamine,medicine,1,vascular cognitive impairment,brain problems from blood vessels,0,galantamine medicine,brain problems from blood vessels,0,0,0,0
CD003009,Neuroreflexotherapy for non‐specific low‐back pain,neuroreflexotherapy,nerve therapy,0,non-specific low-back pain,back pain,0,nerve therapy,back pain,0,0,0,0
CD000934,Alternative versus standard packages of antenatal care for low‐risk pregnancy,reduced antenatal visits,fewer prenatal visits,0,low-risk pregnancy,normal pregnancy,0,fewer prenatal visits,normal pregnancy,0,0,0,0
CD002987,Troleandomycin as an oral corticosteroid sparing agent in stable asthma,troleandomycin,medicine to reduce steroid use,0,steroid-dependent asthma,severe asthma,0,medicine to reduce steroid use,severe asthma,0,0,0,0
CD003385,Antidepressants versus psychological treatments and their combination for bulimia nervosa,antidepressant,medicine for depression ,1,bulimia nervosa,binge eating and throwing up,1,antidepressant medicine,bulimia,0,0,0,0
CD007294,Chemotherapy wafers for high grade glioma,chemotherapy wafers,cancer treatment in tumor,1,high grade glioma,brain cancer,0,chemo wafers,brain cancer,0,0,0,0
CD006866,Antiviral treatment for preventing postherpetic neuralgia,antiviral treatment,medicine,1,postherpetic neuralgia,pain after shingles,0,antiviral medicine,pain after shingles,0,0,0,0
CD005539,Nutritional screening for improving professional practice for patient outcomes in hospital and primary care settings,nutritional screening,screening for nutrition,0,malnutrition,not getting enough nutrients,0,screening for nutrition,not getting enough nutrients,0,0,0,0
CD000369,Interferon for acute hepatitis C,interferon,medicine,1,acute hepatitis C,sudden liver infection,1,interferon medicine,acute liver infection,0,0,0,0
CD007718,Telehealthcare for chronic obstructive pulmonary disease,telehealthcare,healthcare from home,0,chronic obstructive pulmonary disease,lung disease that lasts for a long time,1,healthcare from home,lung disease,0,0,0,0
CD006028,Atrial natriuretic peptide for preventing and treating acute kidney injury,atrial natriuretic peptide,low dose medicine for kidneys,0,acute kidney injury,kidney damage,0,low dose medicine for kidneys,kidney damage,0,0,0,0
CD004998,Meditation therapy for anxiety disorders,meditation therapy,meditation,0,anxiety disorders,anxiety,0,meditation,anxiety,0,0,0,0
CD001112,Caffeine for asthma,caffeine,caffeine,0,asthma,asthma,0,caffeine,asthma,1,1,1,1
CD005514,Occlusal splints for treating sleep bruxism (tooth grinding),occlusal splints,mouth guard for grinding,0,sleep bruxism,teeth grinding while sleeping,0,mouth guard for grinding,teeth grinding while sleeping,0,0,0,0
CD000972,Steroids for treating cerebral malaria,steroids,steroid medicine,0,cerebral malaria,brain malaria,0,steroid medicine,brain malaria,0,0,0,0
CD008765,Surgical cytoreduction for recurrent epithelial ovarian cancer,surgical cytoreduction,surgery to remove cancer,0,recurrent epithelial ovarian cancer,cancer that came back in the ovaries,0,surgery to remove cancer,cancer that came back in the ovaries,0,0,0,0
CD004979,Oral antibiotics versus parenteral antibiotics for severe pneumonia in children,oral antibiotics,antibiotics,1,severe pneumonia in children,bad lung infection in kids,1,oral antibiotics,severe pneumonia in kids,0,0,0,0